Name,Gender,Age,City,Street,Phone Number
Jay Santiago,Male,10,Lucena,Pagbilao Road,0987654321
Paul Reyes,Male,20,Lucena,Pagbilao Road,09876543212
Maria Dela Cruz,Female,35,Manila,Espa√±a Blvd,09171234567
Anna Lopez,Female,27,Cebu,Mango Avenue,09332221111
Leo Hernandez,Male,50,Davao,Roxas Street,09998887777
Carla Mendoza,Female,18,Lucena,Tayabas Road,09191119999
Mark Villanueva,Male,30,Baguio,Session Road,09556667777
Grace Ramirez,Female,22,Quezon City,Timog Avenue,09225556666
John Alberto,Male,40,Cebu,Lahug District,09443334444
Nina Gonzales,Female,28,Davao,Toril Road,09178889999
Lance Aquino,Male,33,Manila,Taft Avenue,09175554433
Jenny Valdez,Female,25,Bacolod,Lacson Street,09224447788
Rico Navarro,Male,29,Iloilo,Jaro Plaza,09998885555
Isabel Santos,Female,31,Pasig,Ortigas Extension,09334445522
Kyle Dominguez,Male,21,Taguig,BGC Avenue,09778889900
Jasmine Uy,Female,19,Makati,Ayala Avenue,09098887766
Miguel Francisco,Male,45,Cebu,Colon Street,09198882233
Ella Trinidad,Female,36,Davao,Bajada Road,09445556677
Bryan Cruz,Male,38,Quezon City,Commonwealth Avenue,09661112233
Louise Herrera,Female,24,Lucena,Red V Road,09559998877
